{
    "CamMatrix": [
        [
            5068.857296261118,
            0.0,
            1911.9235284777121
        ],
        [
            0.0,
            5073.259253531538,
            2634.3804567928078
        ],
        [
            0.0,
            0.0,
            1.0
        ]
    ],
    "Distortion": [
        [
            0.09144779771761415,
            -0.818574827175057,
            0.0022981667376967743,
            -0.0019351697389928218,
            1.817973775828635
        ]
    ],
    "pixFocal": 4379.915233793713
}